{
  "magnitude_stratified": {
    "M1.0-2.0": {
      "earthquakes": 985,
      "reports_within_14d": 582,
      "histogram": [
        "0",
        "47",
        "34",
        "38",
        "37",
        "32",
        "31",
        "39",
        "32",
        "25",
        "31",
        "17",
        "24",
        "23",
        "28"
      ],
      "day1": 0,
      "days_1_3": 81,
      "days_4_7": 138
    },
    "M2.0-3.0": {
      "earthquakes": 173,
      "reports_within_14d": 172,
      "histogram": [
        "0",
        "8",
        "6",
        "7",
        "10",
        "12",
        "7",
        "4",
        "8",
        "5",
        "6",
        "4",
        "4",
        "11",
        "5"
      ],
      "day1": 0,
      "days_1_3": 14,
      "days_4_7": 36
    },
    "M3.0-4.0": {
      "earthquakes": 14,
      "reports_within_14d": 34,
      "histogram": [
        "0",
        "0",
        "0",
        "4",
        "0",
        "0",
        "1",
        "1",
        "0",
        "4",
        "0",
        "0",
        "3",
        "1",
        "0"
      ],
      "day1": 0,
      "days_1_3": 0,
      "days_4_7": 5
    }
  },
  "quiet_period_analysis": {
    "quiet_days": "17683",
    "quiet_reports": "290",
    "quiet_rate": 0.01639993213821184,
    "active_days": "8247",
    "active_reports": "455",
    "active_rate": 0.055171577543349094,
    "ratio": 3.36413450241049
  }
}